Unnamed: 0,RevolvingUtilizationOfUnsecuredLines,age,NumberOfTime30-59DaysPastDueNotWorse,DebtRatio,MonthlyIncome,NumberOfOpenCreditLinesAndLoans,NumberOfTimes90DaysLate,NumberRealEstateLoansOrLines,NumberOfTime60-89DaysPastDueNotWorse,NumberOfDependents
1,0.24491426400000001,68,0,0.11555492099999999,9000.0,13,0,0,0,1.0
2,0.118228634,30,0,0.0038091609999999997,19500.0,8,0,0,0,2.0
3,0.153125739,40,0,6393.0,,14,0,6,0,2.0
4,0.922685504,24,2,0.7687574770000001,5850.0,17,0,2,0,3.0
5,0.028550415,31,0,0.096543845,3500.0,3,0,0,0,1.0